id,Domain,Status,Attractiveness,Demand,Length,Registrar,Created,Expires
b31391e8-5d04-4c8f-bdc6-93ed4f6dfd29,abandoned.ryukyu,available,58,7,9,,,
46109988-6e3f-4906-a411-26e7e506fa11,abdicable.ryukyu,available,50,1,9,,,
40d003e5-3643-49a1-aab4-0c772851502d,abdominal.ryukyu,available,82,1,9,,,
778afb2f-f07d-4ae8-b256-fcf5ec3d6952,abhorrent.ryukyu,available,54,1,9,,,
c4630f6a-d785-46e2-9722-a78eb0445a3e,abiding.ryukyu,available,106,5,7,,,
1e0dd85c-d881-4ac7-a7df-10dddb24af24,abnormal.ryukyu,available,74,15,8,,,
4c522184-ec5e-465f-85fd-3a4257902023,above.ryukyu,available,112,20,5,,,
3735fe7b-4240-418c-9df0-1becf42e0062,aboveboard.ryukyu,available,60,5,10,,,
eed1d918-2a22-4ad6-a8bb-a832726226b8,abradant.ryukyu,available,70,1,8,,,
a157e049-064e-4ca5-805f-f3ccdd85a451,abranchial.ryukyu,available,50,1,10,,,
fce8271b-9a9e-4c63-af5c-a29f6370bdbf,abrasive.ryukyu,available,76,6,8,,,
79f8f945-6e43-4fb9-9315-8f90bfa3f438,abreast.ryukyu,available,72,3,7,,,
b672006c-1205-4a0c-84ee-90c599e8efca,abridged.ryukyu,available,58,5,8,,,
f3eee3f0-257c-44f9-b10b-662ec9960b10,abroach.ryukyu,available,82,1,7,,,
5e32004e-19a0-4c7a-9709-6b7db983ef4a,abroad.ryukyu,available,92,9,6,,,
e1889c4c-e0cc-4698-9a2e-5ce7e4ba7345,absent.ryukyu,available,102,8,6,,,
13f5207b-1d0b-4be9-961b-877525783b96,absolute.ryukyu,available,80,23,8,,,
408c131e-689b-444d-94b8-a7552d385168,acanthotic.ryukyu,available,46,1,10,,,
85086467-8531-4926-83c8-5fa627345d9b,acapnial.ryukyu,available,46,1,8,,,
4adb2bb4-d2f2-4d25-a83a-eccf59ed6884,acapnic.ryukyu,available,50,1,7,,,
341d6d4f-394b-4ee9-94b8-eab6cf166bad,acappella.ryukyu,available,66,6,10,,,
bc19a22c-1a52-440a-8df5-e221758614c1,accepting.ryukyu,available,74,3,9,,,
1d5ff4b4-9ee0-4d6e-b7c1-256a148bd267,accessary.ryukyu,available,66,1,9,,,
cb94c979-5370-461d-aeaf-6b4567005be1,accessible.ryukyu,available,78,18,10,,,
a106241e-4a2b-46d7-9323-81d09500d865,accessory.ryukyu,available,84,7,9,,,
15c0f2b6-b9cb-4c43-9e21-ee6a67f25608,ace.ryukyu,available,88,31,3,,,
ccb47f0c-a2ea-46dd-81b2-18756f90f8bb,acquirable.ryukyu,available,47,2,10,,,
f493da84-96a9-4e10-b6cf-d5deb03269c8,acquired.ryukyu,available,47,8,8,,,
30d74077-7df0-48f1-96c1-7ddf978e53f9,acuminate.ryukyu,available,70,1,9,,,
f9fc04ca-76ba-4fb3-bd94-3332942cbfb2,acute.ryukyu,available,112,8,5,,,
937e145e-066a-43d1-9ec5-a66e155b7309,adorned.ryukyu,available,66,5,7,,,
dac2757a-cebf-4546-b300-0e7eaff584fd,adpressed.ryukyu,available,54,1,9,,,
1b336b4e-6633-44fc-9257-1528123820d4,adrenal.ryukyu,available,78,4,7,,,
64fe3d00-4144-467a-98f8-85f5c862a098,adrenergic.ryukyu,available,74,1,10,,,
f38b221d-de64-47ac-a9f8-27a84ac55cc0,affordable.ryukyu,available,70,16,10,,,
e53266e1-9d3e-4e00-895d-a99bfe26fa43,agonadal.ryukyu,available,54,1,8,,,
4bb54406-ead4-4e1c-b3fa-47dce14fbf69,agonal.ryukyu,available,58,1,6,,,
8bd01ec9-e31e-418c-a449-19750348004d,agonised.ryukyu,available,54,1,8,,,
6402f551-7944-4c21-b40d-45d743e1f208,agonized.ryukyu,available,54,1,8,,,
e9990acc-baa3-4d84-8d81-bbd602f42ec1,ague.ryukyu,available,76,1,4,,,
16f90e95-1d85-4594-bffd-30fad24cb586,airless.ryukyu,available,52,5,7,,,
01b7eabd-82c0-4d13-a7c0-4f8937b6072f,alamode.ryukyu,available,96,11,9,,,
4c25e68d-30c6-4f50-9cf3-f974a714c337,alkaliser.ryukyu,available,66,1,9,,,
97fa05b2-9ad8-4e04-a231-daaab8722441,alkalizer.ryukyu,available,66,2,9,,,
72db0f6f-7f95-4b74-85ba-ebf8baa9df45,alkalotic.ryukyu,available,54,1,9,,,
93fb442a-1e64-493d-9fc7-f1a0740c9721,alley.ryukyu,available,58,8,5,,,
cee0f2d8-f0fa-44f0-a183-97706cd4486a,alleyway.ryukyu,available,58,3,8,,,
6e327a57-988f-4c1c-a71a-0f7d2a1e1b0b,alliaceous.ryukyu,available,54,1,10,,,
096a0662-2425-4fc9-a29b-26b2518a1356,allied.ryukyu,available,74,20,6,,,
07edf059-3871-4a53-ad0f-8e50922094b3,allocable.ryukyu,available,54,1,9,,,
78a7326d-a7da-440c-a5a0-2645f0a05669,allogamous.ryukyu,available,54,1,10,,,
35a57fcc-1056-430a-8fff-885e4c0d8fdf,allogeneic.ryukyu,available,54,2,10,,,
aa8dd8a7-764c-4843-9c38-344696e395ac,allomerous.ryukyu,available,54,0,10,,,
b9d93abb-4932-462d-96e9-da46e4d622b7,allometric.ryukyu,available,54,1,10,,,
97ff1354-4ccf-4329-a293-7757917b8ee5,allopathic.ryukyu,available,54,1,10,,,
1f496136-47e2-46c5-94eb-4bda1d354813,allopatric.ryukyu,available,54,0,10,,,
5e2e8428-591b-418b-98f7-1e13de5644a3,allophonic.ryukyu,available,46,1,10,,,
ca69e26e-21c7-45a1-81c1-2f8b7205ca81,allotropic.ryukyu,available,46,1,10,,,
8c360118-6e20-467e-bf1e-558267567e01,allotted.ryukyu,available,62,1,8,,,
6376be73-fa99-4c50-a3f5-db204b5761f1,allowable.ryukyu,available,82,1,9,,,
d7f0e0e3-7d0d-48f4-b7a3-ac152a190dc2,alloyed.ryukyu,available,58,4,7,,,
58df627e-4628-4e73-8f1e-9ed7a7f94068,allset.ryukyu,available,70,13,7,,,
3f1614d2-64c2-44c0-a842-4b2bb80b6fe6,allsmiles.ryukyu,available,68,5,10,,,
345c3b79-c0d5-4ded-a571-aabec6c39c07,alluring.ryukyu,available,88,3,8,,,
73fed4eb-d7ed-4311-8332-ab6fdf945c13,allusive.ryukyu,available,60,2,8,,,
d617819a-3126-4529-85ec-405db47e6dd2,alluvial.ryukyu,available,82,4,8,,,
836cc021-faaf-4add-8a79-444398685fe9,allylic.ryukyu,available,50,1,7,,,
2ed1e08b-91ef-4d27-bbe3-48d14979a7d3,alone.ryukyu,available,78,10,5,,,
6def0521-f12d-4e92-a146-a6eabf51bcf8,aloof.ryukyu,available,66,5,5,,,
ad1f29d3-5239-4f52-bf18-a7c6b3bd17ae,alopecic.ryukyu,available,42,1,8,,,
537ea5be-8236-44e1-8ae5-9056473cc8b8,alpestrine.ryukyu,available,46,1,10,,,
06409923-b129-4583-a4ab-80dcd8935937,alpha.ryukyu,available,90,42,5,,,
b48ed110-4bd4-4444-8856-640810e264b2,amaurotic.ryukyu,available,46,1,9,,,
cc2c351a-fe9d-4a7c-9ea0-43a8b24d38c0,amazed.ryukyu,available,72,5,6,,,
64874400-6543-4edd-99de-a0d61ab75eae,amazing.ryukyu,available,78,27,7,,,
ac459318-8c19-4bfd-ba69-6b3074ff137e,ambagious.ryukyu,available,48,1,9,,,
7cefb96a-1cf8-4d1f-8864-b7498e07d85c,ammino.ryukyu,available,50,1,6,,,
cb5d06ed-83ec-4a18-89c3-007819466595,ammoniac.ryukyu,available,64,2,8,,,
5fd13bce-7e26-43eb-b272-d5915da8d094,ammoniacal.ryukyu,available,46,1,10,,,
75de5790-34c6-4f45-88b7-224d8b1de26a,ammoniated.ryukyu,available,46,1,10,,,
58e81eb0-0f85-4bd7-9545-26d7a6831a3a,ammonitic.ryukyu,available,46,1,9,,,
50667182-62fa-40dc-9986-3d4f07552dc5,amnesiac.ryukyu,available,50,3,8,,,
0cfb2061-64a0-4848-9144-7f7d087803b7,amnesic.ryukyu,available,68,3,7,,,
eb89b775-9c7a-441a-9d9e-d2ec47df0e53,amnestic.ryukyu,available,64,1,8,,,
388ed616-c264-4912-95a1-e2f0dd68bd5d,amnic.ryukyu,available,50,4,5,,,
66f7b0f0-f718-4886-8e97-c3b6a4de5570,amnionic.ryukyu,available,46,1,8,,,
48f8ff17-3082-45e4-88ca-fb468233eda5,amniotic.ryukyu,available,46,2,8,,,
fae8ed96-88cf-4871-8982-d1d51b2c8eff,amok.ryukyu,available,81,11,4,,,
1e8796da-2638-4cbb-a9a1-3b48c05b06ac,amoristic.ryukyu,available,46,1,9,,,
33a50d7a-6f47-4dd2-9cf7-429721ff0355,amuck.ryukyu,available,61,2,5,,,
3c89f764-9a79-4189-8928-0217c8270caf,amygdaloid.ryukyu,available,64,1,10,,,
18b82a36-7fdc-44d3-ad51-0389ec200d93,ana.ryukyu,available,80,27,3,,,
a72db63c-0c73-45d3-8b93-4eb1e31ee957,anaemia.ryukyu,available,62,2,7,,,
42ce226b-df6c-4515-9c44-a7e385443df1,analog.ryukyu,available,72,37,6,,,
8d9a54d9-fd34-4dd1-aefb-9f136501cdf3,analogical.ryukyu,available,46,3,10,,,
4698ef2f-67ad-4811-8ca8-b06ac51f9d0c,analogous.ryukyu,available,50,3,9,,,
a1193905-c2b1-4c74-8b66-967542252224,analphabet.ryukyu,available,64,1,10,,,
181ed226-0e19-48c6-b790-4bc9185d2c29,analytic.ryukyu,available,50,14,8,,,
f9bfe3e3-685a-4871-bea6-0335ec61be54,analytical.ryukyu,available,50,8,10,,,
ca355df8-6b39-43cd-9b58-5dae4b85e248,analyzable.ryukyu,available,46,1,10,,,
077ad094-e744-454a-9fe7-83171335f4a6,analyzed.ryukyu,available,46,4,8,,,
64d9302a-caa0-4120-ad18-d4d754e25af8,anamnestic.ryukyu,available,46,1,10,,,
6c89ad0f-fd2a-4d90-931b-5aac820fe80b,ancient.ryukyu,available,92,16,7,,,
e473dfb0-ad60-4777-be8c-f1adf340f052,angelic.ryukyu,available,80,10,7,,,
c4374ac5-da7a-419d-bc2b-2520a032fa37,angelical.ryukyu,available,68,1,9,,,
ab96e3c0-8de5-49ca-9f39-822902aabc0d,anginal.ryukyu,available,54,1,7,,,
d5030203-6f29-47d1-885e-58c242e9c9d6,anginose.ryukyu,available,50,2,8,,,
38c9d4af-cf16-40ae-acea-d9caed73aca8,anginous.ryukyu,available,50,1,8,,,
4cb58a0a-4b2d-4abe-b52c-d09ca6d256b2,angled.ryukyu,available,58,4,6,,,
dfac24ea-4c81-4bf4-8e59-109745a2d066,antacid.ryukyu,available,88,2,7,,,
358c9576-6878-42fa-a293-b843b2707b64,anuran.ryukyu,available,63,2,6,,,
cde26a3f-88b1-424e-b3a5-4ce5cc8d1b66,aplacental.ryukyu,available,46,1,10,,,
9b7fc8ea-6330-4613-b37c-c99f7faba414,aplanatic.ryukyu,available,41,1,9,,,
91196bcb-853d-4e1e-ba6a-fde7cfcec653,aplitic.ryukyu,available,49,1,7,,,
4d133351-1267-4525-af74-bf735e6b1868,apneic.ryukyu,available,50,1,6,,,
a13696d0-55ae-4c14-a056-84833a59fd62,appreciative.ryukyu,available,70,2,12,,,
a7bb170e-41fb-4194-a48a-a8d9175dca7c,appressed.ryukyu,available,56,1,9,,,
14cb27e7-c8f7-4f93-8d88-f2273db28a63,arabic.ryukyu,available,96,16,6,,,
33fab6cd-262e-49eb-89e7-54e8bbb383a4,arch.ryukyu,available,64,28,4,,,
10de61cd-d69f-4746-bd02-76e1622b44fa,armored.ryukyu,available,66,7,7,,,
9e62e38c-4a22-42ad-bb7d-fae7a53c9ab3,aromatic.ryukyu,available,92,6,8,,,
9b495917-74f5-412c-93cc-2bee51c01953,around.ryukyu,available,94,18,6,,,
33749ab9-83ab-4130-83c9-51cfd6649fcf,articulate.ryukyu,available,102,17,10,,,
cd81ef5b-b62d-4a59-ad40-1a23056b5ae1,artificial.ryukyu,available,68,27,10,,,
13ddf32c-7538-41ac-b595-43ead5e894b0,artist.ryukyu,available,81,28,6,,,
27d023a8-2fd7-4d2a-9911-0407b6f97b02,artistic.ryukyu,available,78,16,8,,,
076d9505-2705-4bfa-82c9-91b9b211cfdb,artistry.ryukyu,available,78,9,8,,,
ac1482b9-c858-41e1-8748-1a9defad1727,ascetic.ryukyu,available,78,5,7,,,
71816c2d-e804-4fbc-8295-051ae30b1234,ascetical.ryukyu,available,50,1,9,,,
97ac9b7b-dfea-41c2-81b4-9c2f17afe7b0,ascitic.ryukyu,available,54,1,7,,,
74b3d86f-e233-42ab-b8bd-76dafb1a53f9,ascosporic.ryukyu,available,50,1,10,,,
04d8bcf2-eff1-42c5-8e6f-bb59d38421e6,asteroid.ryukyu,available,66,13,8,,,
1b15164b-b726-48de-86e4-2d0da594fc98,asthmatic.ryukyu,available,64,2,9,,,
31d2844d-f93a-45ad-90e1-683d45f7afcb,astigmatic.ryukyu,available,56,1,10,,,
6571f7ff-025b-4764-8cba-147451723a35,astomatal.ryukyu,available,34,0,9,,,
12336e8b-460a-4e63-968a-0341a5744e48,astomatous.ryukyu,available,34,1,10,,,
2bcc4cac-27eb-4828-a268-63e1bc295830,astonied.ryukyu,available,54,1,8,,,
f965469c-34f1-4793-bae7-c530135179d9,astonished.ryukyu,available,68,2,10,,,
33aee5c3-b925-4eeb-afd6-166366c8a6bb,astounded.ryukyu,available,68,1,9,,,
b3d21a9c-ff76-431e-be96-d1198aa9c107,astounding.ryukyu,available,70,5,10,,,
c0afdb86-495b-43f4-96e5-c6651b41402c,astragalar.ryukyu,available,34,1,10,,,
b685f62f-31ed-4140-9910-a7428225eec1,astral.ryukyu,available,80,32,6,,,
60989cef-d62c-4370-ae5e-c469893bf685,astrocytic.ryukyu,available,34,1,10,,,
294dd62d-615e-4fa6-88e1-db0a28777234,astronomic.ryukyu,available,50,4,10,,,
d1a8d31e-2e58-43ea-8136-0222f58903a0,astute.ryukyu,available,70,13,6,,,
6144a04a-cfdc-4421-8579-7207b17b7446,astylar.ryukyu,available,49,1,7,,,
df4eb015-acac-46de-b237-7a2b4695ba0d,asunder.ryukyu,available,48,2,7,,,
a8251a18-d74b-497a-9fb0-2f49371e02f4,asymmetric.ryukyu,available,44,15,10,,,
c54b0137-73a2-44f1-bd82-1c52785fb6f7,asymptotic.ryukyu,available,38,4,10,,,
fcfa6faf-3e4e-471a-a08a-d531cfe2dda6,attach.ryukyu,available,76,7,6,,,
6bda7c5f-2a1e-4f0d-bbba-0ef6b9905ec5,aucourant.ryukyu,available,58,3,10,,,
04ab8816-692e-425c-94d0-f071b0fa1e72,auctorial.ryukyu,available,45,1,9,,,
c469b021-7b93-4a07-a87d-053e268e5d99,audacious.ryukyu,available,72,10,9,,,
b14f1a59-38bb-433b-9ae8-fafa6c5e93a5,aufait.ryukyu,available,62,4,7,,,
278690cd-f891-4c31-bfee-034863ae42d8,away.ryukyu,available,126,21,4,,,
91d8cdd1-87c5-4fe0-82c8-40c6d606066b,azotemic.ryukyu,available,52,1,8,,,
e8312dab-bc60-4ede-8dfd-07bfa1e7b7aa,azotic.ryukyu,available,56,2,6,,,
3d6b13b7-0667-4e40-9bc9-c16dcb625427,azure.ryukyu,available,70,22,5,,,
4ba5f7ad-560b-4525-833c-356f5e86a389,backwards.ryukyu,available,70,7,9,,,
db6a0f68-cd20-4b3e-a36a-75f48cbcc5bd,bacterial.ryukyu,available,66,2,9,,,
564ad9b0-c415-49c1-bb4f-d87793746baa,bad.ryukyu,available,142,35,3,,,
b1314127-1d20-45fc-a52c-098bcf4c3869,bagdad.ryukyu,available,56,3,6,,,
22d686e9-1047-4263-9b13-69c62bfe074e,bagel.ryukyu,available,102,19,5,,,
ff21a9b6-2fdf-4c12-b570-76767ed8545f,balmy.ryukyu,available,72,5,5,,,
fa246c71-b637-43e2-99fb-eeedb7964532,barbadian.ryukyu,available,68,0,9,,,
3b9c0135-e009-48cd-958b-63e6dcc49b22,barbarian.ryukyu,available,64,9,9,,,
d8432454-db84-4d3f-80d9-fc541a78dc7b,barbaric.ryukyu,available,42,3,8,,,
84eabe57-11c3-4b53-9970-565f9bd3ba04,barbarous.ryukyu,available,40,1,9,,,
d45393f2-e874-4212-b7b8-8d25abf3f5be,barky.ryukyu,available,48,5,5,,,
c25db2de-497e-496d-a9dd-28cc3795819e,barometric.ryukyu,available,42,1,10,,,
fe72a623-f7ca-40ef-b2e1-38a3a6b6b6e2,baronial.ryukyu,available,42,2,8,,,
8fb991f3-bad8-44ae-8eb2-2062dfe89750,baroque.ryukyu,available,64,9,7,,,
33914568-50a1-41fd-8e66-7ed3158797c2,barytone.ryukyu,available,60,0,8,,,
7a5bd4ad-f17f-41de-adf9-88540d717dc5,basic.ryukyu,available,60,27,5,,,
3308f0b5-d13e-4ecd-9087-24c1d4b63864,bass.ryukyu,available,64,20,4,,,
87fdc16d-8adc-4119-bec5-72198330d98c,bedrid.ryukyu,available,48,1,6,,,
1fbbc9b9-cffd-4473-a30e-8dbb9a1ede94,beguiling.ryukyu,available,88,1,9,,,
243c93d6-3982-4bba-8088-8cad984b73c0,berserk.ryukyu,available,86,11,7,,,
f6442882-a909-4446-b92d-ed9ff7aa4400,bestwishes.ryukyu,available,84,6,11,,,
2de9c9b0-bace-46fe-aab7-7a75a26fd848,bewell.ryukyu,available,84,19,7,,,
5a24c09b-c1aa-43cb-a6f0-1f14f5266c8b,biddable.ryukyu,available,54,3,8,,,
cb985ad9-e24c-4f7d-8984-7ab4a3a86548,bloody.ryukyu,available,110,11,6,,,
296aaa53-3bb5-42fc-853a-15c99eff891c,boom.ryukyu,available,71,36,4,,,
136666af-2587-4176-ace2-0dd0416de214,boxer.ryukyu,available,86,10,5,,,
0ff4c73b-135a-4f0a-b821-e1c5b471ca95,brave.ryukyu,available,76,38,5,,,
6966984d-5839-4686-9cda-f9bc6e4a6465,briefcase.ryukyu,available,70,10,9,,,
b252d11a-a2fe-464d-b194-abf6f2ca5640,briefing.ryukyu,available,66,8,8,,,
6beb118f-0511-45e9-87f0-80f28492ee03,british.ryukyu,available,98,19,7,,,
c055a528-b961-405a-b7cc-4d9d2ad1f594,brutal.ryukyu,available,48,16,6,,,
ad56665c-a5e0-4f8a-8b11-d7c9f0f32db9,buggy.ryukyu,available,84,16,5,,,
9221f7f0-adff-4dcc-806d-370b566083bd,builtin.ryukyu,available,91,7,8,,,
146bf509-5d7a-4dd9-93c8-84663cfd4547,bulk.ryukyu,available,110,19,4,,,
74fe03e6-5268-45c0-bc01-3280685e6746,buns.ryukyu,available,46,7,4,,,
86b11da9-3747-45cb-8067-64f95f886d73,buyfood.ryukyu,available,72,2,8,,,
ac82a1a3-ebd0-4e07-9c09-d6815fbe2dd2,camera.ryukyu,available,78,22,6,,,
c41732ba-9be2-47a8-94c8-0d43599e083c,cameraman.ryukyu,available,77,4,9,,,
4fdd3553-fcf9-4795-b8e0-6428b8c10084,cameroon.ryukyu,premium,81,3,8,,,
2999f5de-44fb-4fbe-ab14-cae7d48984d3,campaign.ryukyu,available,99,23,8,,,
123ff42d-dbc1-4c7d-9616-00b10838bf60,campaigner.ryukyu,available,69,5,10,,,
e0139b56-195c-4755-871b-49d8499fe942,canadian.ryukyu,available,88,21,8,,,
468a9e7b-37ff-4ac3-af2d-3b08f260f857,career.ryukyu,premium,116,25,6,,,
048a3209-6c5e-4329-97ce-0253645c0166,cerulean.ryukyu,available,88,15,8,,,
06a3c5e6-cf49-4a65-a24c-4a8f8796b68c,channukah.ryukyu,available,68,1,9,,,
e82757f4-a4f0-4b6d-ac39-52192413541d,channukkah.ryukyu,available,68,1,10,,,
8949b581-8e1b-46e3-be98-596aade1f200,chanukah.ryukyu,available,68,5,8,,,
d7b52894-97ff-44d9-b906-4aac7ac26880,chanukkah.ryukyu,available,68,2,9,,,
560b50eb-ab0d-44e8-97c1-925739fa9768,chased.ryukyu,available,70,4,6,,,
fb47ac44-d9a6-4db9-a12f-0ee0d6b6af97,child.ryukyu,available,92,14,5,,,
a985bd06-1be9-4be0-a08f-1ef699447dee,clear.ryukyu,available,90,42,5,,,
472edb41-148b-4df4-afff-cee4a681edb4,close.ryukyu,available,72,18,5,,,
ae4b9803-5ef9-45ad-ba78-6cd55c3783f5,closeoneeye.ryukyu,available,72,1,13,,,
b44a152a-b66e-486a-aa7f-b840bb063363,colour.ryukyu,available,116,15,6,,,
2717d621-48d1-4b9d-bbf8-1483c6f12b0d,comforted.ryukyu,available,72,1,9,,,
de366fc9-7eab-4863-8041-4de9555c4030,comfy.ryukyu,available,82,22,5,,,
a2ae3437-ef61-452e-8d6b-eb49a725d2a8,comic.ryukyu,available,97,17,5,,,
1ef2f81d-ac39-4623-905f-8a402903852f,comparable.ryukyu,available,87,3,10,,,
77caca98-c28c-4a22-9dcc-dd1b34b7f6ae,component.ryukyu,available,84,16,9,,,
747b1759-642f-4b01-b983-b26da5885774,compute.ryukyu,available,92,27,7,,,
929b96c6-a2d5-4f77-8097-8319f65556b3,condiment.ryukyu,available,95,3,9,,,
72292e6c-725c-4bd7-923a-b6d8798fbdcc,condition.ryukyu,available,92,9,9,,,
19dcc53d-7ac8-4689-bda8-8fde990ab055,congrats.ryukyu,available,96,5,8,,,
5bf807a3-142d-4a42-ab5a-f483c508fdcb,coordinate.ryukyu,available,108,15,10,,,
9924b135-2be8-4b53-8d21-4e5bb0cea041,cord.ryukyu,available,90,17,4,,,
4fa794eb-a2f6-4de1-acf0-c1b1478ccd4f,core.ryukyu,available,68,40,4,,,
76300bce-6280-45a6-bae3-0d995b83f156,corrupted.ryukyu,available,52,7,9,,,
fb7baeb4-0b82-4084-9aee-639b46bbb7cf,cosmetic.ryukyu,available,86,15,8,,,
e1fd9369-9eab-4548-a92a-a9654d7073df,cot.ryukyu,available,74,12,3,,,
4a533f5d-1c48-4292-aee1-72b716bb055e,cracked.ryukyu,available,70,16,7,,,
83932606-72d9-4051-b49a-40fe8c765efb,cream.ryukyu,available,110,22,5,,,
57428c28-db21-4ef0-97b4-a13243d9ace8,creator.ryukyu,available,70,36,7,,,
dedba84c-50d1-4127-b7ea-46ae4d393962,cube.ryukyu,available,92,42,4,,,
2d2b1c0c-124b-41c5-be0b-b6ac8668f875,curious.ryukyu,available,74,23,7,,,
c38d9e23-4ac7-4411-a93a-643186f09a89,custom.ryukyu,available,110,26,6,,,
bef9a815-4d86-4148-b54d-df8650fe9630,customise.ryukyu,available,77,6,9,,,
7aa14487-94b3-4cd1-a1d0-22dad508d7e5,customize.ryukyu,available,77,13,9,,,
c0210188-7c57-4d07-8f69-cf4435319310,cut.ryukyu,available,124,21,3,,,
e6958a41-1e6d-4a0f-9472-fdbec2418b5e,daily.ryukyu,premium,74,31,5,,,
3c63a8cb-2716-40d9-b414-f2a8decacb7f,dateofbirth.ryukyu,available,70,2,13,,,
89d1e088-c450-413a-a8aa-8398b0f527b6,dauntless.ryukyu,available,66,10,9,,,
a1b262cf-c865-40f5-82da-7df27532bd34,decorated.ryukyu,available,68,3,9,,,
b90924ec-f986-40a2-91ef-9fb6c8ace394,deficit.ryukyu,available,70,5,7,,,
990690bf-be82-4413-bcb9-e5eeff816ad2,demo.ryukyu,available,110,34,4,,,
969427d8-9491-4f01-94f8-53e1ed5900e7,demoniac.ryukyu,available,58,1,8,,,
8e30efbe-a28c-47e9-936e-dff44fb88e0d,demoniacal.ryukyu,available,40,1,10,,,
5f7abaf4-57a9-443e-95be-16d2a1d80118,derelict.ryukyu,available,92,6,8,,,
6b1b4f83-de7a-4603-ad8c-ece531cfe5bb,detest.ryukyu,available,62,2,6,,,
74a1b99e-8ed9-406d-b137-3f2841b08c8f,diamond.ryukyu,premium,76,27,7,,,
dea11b96-c504-4da9-8366-4e0f59bbbe91,dickens.ryukyu,available,72,7,7,,,
942a3827-5a80-4137-bf54-c40df0ffc0cf,dickhead.ryukyu,available,36,5,8,,,
76fa69ab-5a13-49da-8d0e-87b6cba55952,difficult.ryukyu,available,82,5,9,,,
70bcfea3-b31c-4f74-ab71-c94b9437d4ff,disguise.ryukyu,available,87,8,8,,,
cc8f24f8-7368-4236-a1b8-facf9e3ffbca,dismissed.ryukyu,available,50,3,9,,,
8380f2ef-b1f9-4603-be61-5354f9cfe760,distant.ryukyu,available,64,12,7,,,
6486dad5-1d83-46d9-86c1-0d9019ad3606,divine.ryukyu,available,74,31,6,,,
cbb3c340-27a8-4267-b2a1-1d6c92446cef,doubling.ryukyu,available,66,2,8,,,
e974f6a1-4d72-4fa7-84e0-b0d2b677df61,dry.ryukyu,available,80,19,3,,,
78daec37-29d2-471b-b9cb-b9c5e5c4c718,duck.ryukyu,available,64,30,4,,,
8dffa32d-0c32-4f23-87b8-63e41ace765e,eightytwo.ryukyu,available,52,4,10,,,
a4d9c248-5c65-4c25-ac5e-b8cf7743b003,element.ryukyu,available,96,25,7,,,
98bfb231-1550-49aa-b2bd-177e40c831a2,energy.ryukyu,premium,82,35,6,,,
6cc17113-21f2-4bd8-9266-54f5e9b3b92a,english.ryukyu,available,96,29,7,,,
24a70912-5997-43b2-8527-346a9d9c0594,enough.ryukyu,available,114,13,6,,,
e2d89a6a-8e7a-4e5b-a02b-628dc7b59812,enticing.ryukyu,available,88,2,8,,,
9a25bd73-2d56-48c2-adc3-fe0f8356b47c,epidemic.ryukyu,available,72,6,8,,,
14dca457-6da7-4565-ad9e-b95b595e3faf,equipped.ryukyu,available,68,7,8,,,
c4db1776-aab3-4d90-9761-7ab8d8996603,essence.ryukyu,available,72,22,7,,,
7b839ead-c021-4663-bd54-2128c00608b9,eternal.ryukyu,available,92,34,7,,,
120a45b4-6449-48e4-abf2-a69468782762,exhaustsystem.ryukyu,available,64,1,14,,,
94b4643e-453d-4c31-a752-9cc736f3c4b5,false.ryukyu,available,64,13,5,,,
dd290f84-f36e-47f7-9b56-4910e49047b1,fantasy.ryukyu,available,98,25,7,,,
bbf20537-0a42-4442-8e15-782ad7d9b1e0,fearless.ryukyu,available,72,27,8,,,
9a264000-70e2-4090-a426-c195ff3bb0e1,fiftytwo.ryukyu,available,56,6,9,,,
71147c1a-1d46-4bef-be89-b48af76242c5,fill.ryukyu,available,68,13,4,,,
f3b57cac-ed4c-45f8-b715-f213a1abe7f1,finished.ryukyu,available,68,5,8,,,
082a83c4-6f83-44c5-9298-97028d85b85f,flip.ryukyu,available,70,31,4,,,
dc0419ba-c87f-44f8-b64e-7dadcae6b305,flop.ryukyu,available,60,8,4,,,
b8571ffe-47e7-4d67-92c3-32b9fda1a7c5,flow.ryukyu,available,96,60,4,,,
c7b101cb-7b93-4692-abf3-1ee3aab84c05,flower.ryukyu,available,74,23,6,,,
d59c77dd-f47c-4e6d-88c0-f1fd9ca22353,forced.ryukyu,available,67,4,6,,,
6f921281-1d96-455f-a3c4-f1b5140f9c7f,forth.ryukyu,available,72,13,5,,,
71a84ff4-7b06-453f-b83b-ce73c14b5cb0,four.ryukyu,available,66,25,4,,,
4653bb63-e208-4931-b0ee-bed307365379,free.ryukyu,available,88,37,4,,,
2a38d646-8959-4437-ac7e-b54662a2d430,furious.ryukyu,available,58,10,7,,,
23800bdb-45c5-4b69-9a36-d1c1b04d71cd,game.ryukyu,available,120,37,4,,,
bd661060-e3b7-4165-a839-65ddf1f19b77,gillless.ryukyu,available,50,1,9,,,
b606a4e1-7ef1-4ca4-b666-44c4a22f3568,giraffe.ryukyu,available,78,19,7,,,
cf5ac1a7-d720-4aa9-b1a9-aae551cecfb8,givebirth.ryukyu,available,78,1,10,,,
9e67b3a6-1a5b-4cea-a1aa-370094c1f1b7,given.ryukyu,available,74,8,5,,,
c53f866f-986f-4473-bf5b-c8a270bf326e,godhead.ryukyu,available,62,4,7,,,
d397af06-5c3a-4f76-8e4c-f2a600b10bb8,gourmet.ryukyu,premium,94,18,7,,,
f9acdddf-91b6-45ce-80ce-82bfe3d4ccb6,grandma.ryukyu,available,78,11,7,,,
c8acb880-7d0b-4e04-b8c6-af187882e17a,grandpa.ryukyu,available,78,7,7,,,
e07dc611-1962-473f-a164-832127cbd690,halloween.ryukyu,available,80,19,9,,,
3fabd85f-5c49-49b4-b9a5-6b67f6218b6b,hang.ryukyu,available,82,12,4,,,
8f7e4138-fb3e-43c7-91ca-9660b0f69706,hanoi.ryukyu,available,66,14,5,,,
986dfffb-358f-4de6-a4d7-3c57c4ddbdf8,harvard.ryukyu,available,72,13,7,,,
ea8e19fd-c18c-42ca-94c9-1e1ce27861cc,hat.ryukyu,available,78,19,3,,,
eeee6047-3fd5-418f-bbdc-bab97e600571,hate.ryukyu,available,86,19,4,,,
c2a8346a-8fd5-4c24-8047-b0faa4f892dc,hatred.ryukyu,available,60,4,6,,,
d834d17c-c22f-4dac-98c6-87b27bfc590a,hattrick.ryukyu,available,76,8,9,,,
ffea913d-3be7-4550-9d03-0da5236f99c2,heroic.ryukyu,available,100,19,6,,,
ad29ef75-d0e1-462e-bcb3-785c12827d7b,hidden.ryukyu,available,65,28,6,,,
d5a30a2e-d482-41ae-8f95-ffd3415a5adc,hiding.ryukyu,available,70,4,6,,,
409a9544-b652-4b24-8d9c-df9ff2f0d78f,high.ryukyu,available,68,21,4,,,
fdc2f7c2-5421-458a-984f-333913c7607f,honestly.ryukyu,available,78,9,8,,,
4f7dc63c-521f-49a7-a7c1-3c5e741178bc,hood.ryukyu,available,66,16,4,,,
5d2fd75e-e90d-4f0c-98dd-bac0157a7c2a,idiom.ryukyu,available,74,9,5,,,
74d1ef61-5d29-4292-9af8-e0da6264c676,illusion.ryukyu,available,68,11,8,,,
7ffced67-929d-4383-b6a6-2cddde8a35e5,implausible.ryukyu,available,52,3,11,,,
9010cbc9-17e5-45cc-a0e1-579ff8e4ffbe,import.ryukyu,available,94,15,6,,,
9d2950ff-221b-42db-b9d0-09d59c4c42d0,imposing.ryukyu,available,50,79,8,,,
facbd71f-c498-4e14-bd48-5203ea24aae7,inbrief.ryukyu,available,62,4,8,,,
3de85a8e-b928-4652-b412-ba0357ab5cb2,incommon.ryukyu,available,58,9,9,,,
095ea23b-0b2d-415b-8033-651dac3bd671,incredible.ryukyu,available,82,21,10,,,
0cea8057-b41b-46ca-b177-e94d9e4e2a06,infuriated.ryukyu,available,36,2,10,,,
3c38a5d4-c0fd-4089-9c85-028a3fcfb60b,inherent.ryukyu,available,68,8,8,,,
a0171b89-acd1-4325-af2d-a9069e09df05,introduce.ryukyu,available,82,5,9,,,
373f7f0a-1ed9-45fe-9a5c-36625a73497a,investmentbanking.ryukyu,available,70,5,18,,,
26466b6f-2703-4cef-b445-201fbb6086e0,itchy.ryukyu,available,58,6,5,,,
f5cea385-4505-4e2f-bd30-14bc694ef464,jacks.ryukyu,available,54,15,5,,,
aefe3e7b-ed33-4a09-b1c4-390f6ceb1b30,jamesbond.ryukyu,available,88,9,10,,,
8567f950-8393-4707-b63f-5dfe4407acfa,jamesdean.ryukyu,available,85,4,10,,,
5c143ead-eafd-484f-b49c-79a0c0e4a0d2,jehovah.ryukyu,available,72,8,7,,,
43e7fb27-8387-4cfc-b103-2afd09c6a5db,jenny.ryukyu,available,87,21,5,,,
c4fedb2b-f682-48d1-8c22-c72d2adb0ce6,joint.ryukyu,available,108,18,5,,,
38166b00-3a39-4de3-b981-0ad773c83b92,junior.ryukyu,available,72,15,6,,,
9c433845-a32d-4061-acd0-28cfbca6c493,justabout.ryukyu,available,58,2,10,,,
b4c9034a-0b7d-475d-b4d3-27acd99fbfbb,justice.ryukyu,available,92,32,7,,,
39746b65-a021-4aed-9a30-04f072d49663,laborer.ryukyu,available,66,2,7,,,
a9e30837-b084-4044-9b6e-fef0c67f5a68,laserpointer.ryukyu,available,68,2,13,,,
69baa4cd-2900-4e18-8ac6-1dd1ca3fbecd,lastly.ryukyu,available,60,3,6,,,
8e98c17c-2fd0-441d-b27a-18c78468a506,lawn.ryukyu,available,64,18,4,,,
c5b8f989-037f-481e-96f2-7663f2dfe3f1,leap.ryukyu,available,76,33,4,,,
51b6bc28-7c21-40b1-9eb0-f9ff360af6b3,lenitive.ryukyu,available,84,1,8,,,
8a830d63-6513-438d-a639-6961bef9e205,library.ryukyu,premium,84,28,7,,,
0589d9a0-607b-432b-8382-b97b8be8f491,link.ryukyu,available,68,42,4,,,
a7fad79b-11fc-4c8b-a496-3952e39eb90e,little.ryukyu,available,76,27,6,,,
8c1613c3-2d70-485a-8aaa-c16e6b2db38c,lockbox.ryukyu,available,68,12,7,,,
0aeaacf0-889d-4214-804a-d869b877ddc8,lord.ryukyu,available,84,20,4,,,
5ee6a7a5-4c99-4405-b2b9-38558c998b91,lorry.ryukyu,available,91,7,5,,,
95f8f56d-5817-4a75-abe0-89490242d03d,lowkeyed.ryukyu,available,58,1,9,,,
3c2e4e1a-460b-477b-9a1c-63374ad07aa1,lowpriced.ryukyu,available,66,1,10,,,
3a1c51bd-a9b9-43e4-abc6-c28e079da0c1,lucy.ryukyu,available,84,21,4,,,
d7394628-353b-4dab-ad2b-423d099ae551,luggage.ryukyu,available,74,12,7,,,
82a5d1ac-1bc6-4408-a2be-40d52b070504,lxxiv.ryukyu,available,52,1,5,,,
010c8a9a-46c3-43e0-a9c9-0f626bc6eab6,lxxv.ryukyu,available,52,2,4,,,
585198b5-2eb9-4a79-ba7d-8b43f83067e9,lxxvi.ryukyu,available,52,1,5,,,
3d8bab2a-ed2b-4096-90ff-7636aba06223,lxxvii.ryukyu,available,52,2,6,,,
cd2ae318-cc9f-4290-b49d-32fd62833efb,lxxxii.ryukyu,available,52,1,6,,,
34ba5fb4-bd1f-426a-a9dc-d751826d9bb7,lxxxiii.ryukyu,available,52,1,7,,,
5c07b071-1800-4a18-bbe6-1e2b694ec247,mac.ryukyu,available,94,39,3,,,
06a3dbab-41f4-4c67-b47b-ccc44fa75f72,maddened.ryukyu,available,37,2,8,,,
9fb03320-b3d7-436d-95e8-458ddc8e1568,main.ryukyu,available,94,30,4,,,
a71671e4-8ec2-4605-bc7f-42db7743ab2f,makeitbig.ryukyu,available,58,2,11,,,
07f3f235-bf7a-4e3e-9244-4548a6eb754a,maker.ryukyu,available,70,29,5,,,
43bc974a-fc4d-44a2-9e83-dccc77fff857,male.ryukyu,available,68,13,4,,,
3cc69cea-2c00-45cd-b502-a95bccadcad2,manmade.ryukyu,available,62,10,8,,,
dc26a7cd-ba84-405a-8f1d-6706ad7580b7,manual.ryukyu,available,66,17,6,,,
d4f9e75d-d7d0-4885-b533-69e4ffe288ca,many.ryukyu,available,76,22,4,,,
f9f092af-ffca-4e00-b2a2-aaf50ec74972,marked.ryukyu,available,70,9,6,,,
bf0951ac-082b-4b19-84ce-e3e8e7af0b47,married.ryukyu,available,90,7,7,,,
016a026c-9507-4967-8dbf-4547dd80f4d3,marvellous.ryukyu,available,76,6,10,,,
77aeec4a-bc04-459b-b281-42d3f3d225f2,mature.ryukyu,available,92,14,6,,,
fc48a455-c8ea-4a53-9e08-0ca3a41782c5,maybe.ryukyu,available,98,21,5,,,
3db98057-b5b1-4767-9a13-1fa95d3c6089,meaning.ryukyu,available,96,13,7,,,
6aa722ae-babc-4466-94f4-313418a0c373,meaningful.ryukyu,available,74,14,10,,,
9cbf4cf0-6f59-4063-bedb-95bb41595eaf,mechanic.ryukyu,available,62,12,8,,,
608e8f0c-1627-446d-bf64-31dc1152c5cb,median.ryukyu,available,100,8,6,,,
f1f34032-ad44-4aa5-8fe5-2c8ae952cc96,mediocre.ryukyu,available,74,13,8,,,
2182baa0-0307-4ea2-b9f2-3ee73126a859,medium.ryukyu,available,98,21,6,,,
e939eee7-44d6-485e-8e71-e96bc7d3ef60,mingle.ryukyu,available,62,16,6,,,
4f8152e7-249b-42fb-b90c-518137034ac5,minutes.ryukyu,available,72,10,7,,,
059de6bc-e7a0-42fd-b693-002336c4a32e,miracle.ryukyu,available,76,32,7,,,
be6be78f-6760-4e65-9037-9270b0b7cac7,mister.ryukyu,available,72,26,6,,,
8c677c20-ad53-4e24-b0ca-140d87b8ff7d,mitigative.ryukyu,available,66,1,10,,,
23ea5096-f924-49af-99ad-c3b8495d3661,mitigatory.ryukyu,available,66,1,10,,,
adb1e614-d7c4-4a22-92c1-4cacaeaeb3f8,mix.ryukyu,available,66,38,3,,,
77e6166f-6603-4984-814b-d0329df42656,mixed.ryukyu,available,60,12,5,,,
37e79bd4-8d63-46ab-a2a4-9b2574eb9142,mixture.ryukyu,available,70,7,7,,,
3f43b53c-3d6f-44f6-95cb-66e9333a3e16,mom.ryukyu,available,86,27,3,,,
d3963d85-7154-4566-bbe3-eccfe62a47a9,morning.ryukyu,available,76,21,7,,,
9a514342-1b13-4be6-89dc-08c860978028,mouthless.ryukyu,available,34,1,9,,,
5bf574a2-37ff-474f-9b99-a2ed85998731,movie.ryukyu,premium,86,28,5,,,
f61d0e49-3477-4e7b-b8d4-3c141b3bb489,muchas.ryukyu,available,58,1,7,,,
bd617ed6-aecf-49f9-b08e-514c24f23b90,nationaldebt.ryukyu,available,,3,13,,,
e28ad937-5a9b-4996-8087-892e768565f3,negative.ryukyu,available,112,9,8,,,
dd5dd99f-9b84-4c7c-85dc-5ca324b37213,nettled.ryukyu,available,45,1,7,,,
272d0ae0-46ca-4924-86d0-b06a8da8ee1c,NewGlasgow.ryukyu,available,,3,11,,,
ec1816a0-7308-4909-bec9-a7d9224f2a93,NewTestament.ryukyu,available,,5,13,,,
5eb4c8f5-c1b0-4cdc-a7ab-3f83be61b965,NewWorld.ryukyu,available,,19,9,,,
27833c5e-cc7d-4ff5-8707-4598b6af71bf,NewYork.ryukyu,available,,31,8,,,
21abf2d3-276c-400e-8c61-283b9e6701ad,nine.ryukyu,available,80,22,4,,,
bd9154b4-cd2b-4795-8803-64b4e8237fcf,nitric.ryukyu,available,64,3,6,,,
74f4cba3-d082-421e-8f1f-64f76c9fb2c4,nitrous.ryukyu,available,56,8,7,,,
0cefaecc-176d-4586-881a-77636c6e8564,noble.ryukyu,available,60,32,5,,,
238657f8-2051-44a9-b449-b2cf0ceecf39,nonstop.ryukyu,available,98,19,7,,,
32e677ba-3d15-4354-9e02-c0ab2fc71bb9,nought.ryukyu,available,92,4,6,,,
e9582fdd-fcfb-49bf-845a-9b9ec3398cf0,nowadays.ryukyu,available,63,8,8,,,
f94bba36-357c-48e6-afb8-240e569a04b5,observed.ryukyu,available,68,3,8,,,
4487207b-a99e-4cc2-a5e5-536c3ad0e01a,obtuse.ryukyu,available,78,4,6,,,
764feddf-5aa0-448a-bf4f-300bec0891d7,off.ryukyu,available,128,20,3,,,
f55cd20e-c97c-4f9a-ab88-cd076ee9dc5e,olympia.ryukyu,available,68,21,7,,,
63eebdc2-91fa-40cf-a0c1-06629a670792,one.ryukyu,available,132,37,3,,,
75671a05-b93e-449f-b4e0-916c9a1b264c,only.ryukyu,available,110,34,4,,,
c9e4a7a2-2a5f-474b-a449-c3400574891f,open.ryukyu,available,106,46,4,,,
3e1bee89-66f7-43d9-bd73-62d25427b5ac,orangejuice.ryukyu,available,,7,12,,,
c95cae9f-3996-421e-8656-9e3e82f703c0,orca.ryukyu,available,76,40,4,,,
b1336494-be6b-4d06-98dc-49addd67db11,organic.ryukyu,available,93,25,7,,,
2f3b14e1-afed-4597-959e-c8f55236b195,organize.ryukyu,available,82,18,8,,,
4f3cac36-0831-4558-9c62-6cf0461e88e1,orso.ryukyu,available,62,7,5,,,
98936219-5c92-461e-9d2b-e3d716f5612b,overdue.ryukyu,available,62,6,7,,,
77457721-d994-432a-bf33-8aa6404f2bc4,overseas.ryukyu,available,68,10,8,,,
e2b7a381-8469-4ea6-9838-8a7b16faa9d5,owens.ryukyu,available,69,13,5,,,
d8f154dc-62e9-4d89-9e82-aab4154110a0,pack.ryukyu,available,100,26,4,,,
a15137e2-b386-4aa8-8732-6c38c8ff6443,palliative.ryukyu,available,84,6,10,,,
547464b7-1a00-40cb-95d1-c0294acb5acf,parallel.ryukyu,available,100,30,8,,,
0aa763d9-f965-46f9-8241-6a5c33754b4d,pardon.ryukyu,available,122,9,6,,,
4e16924f-a5b2-4733-bc76-7a7a5f49f1f2,park.ryukyu,available,77,30,4,,,
2afb1bf4-4cdd-44f6-9250-405e6f8b5de6,parliamentary.ryukyu,available,62,4,13,,,
cdf8680e-aade-4c54-9de6-43d37dc1f287,paying.ryukyu,available,76,6,6,,,
351a14c2-49ec-48bb-917e-861ca136ac8c,peak.ryukyu,available,66,33,4,,,
bb0219eb-d2b2-43ac-80e1-89de8e0cd3ea,peer.ryukyu,available,102,28,4,,,
3d4e6d45-04ba-42a4-909e-74b6f74ae566,peeved.ryukyu,available,42,2,6,,,
57491c3a-d693-4d44-ac41-61171b42e1ec,pen.ryukyu,available,60,17,3,,,
deb3e276-226b-4366-9c1b-879c2b291235,pencil.ryukyu,available,90,19,6,,,
d7ebed81-a699-422e-a071-dc7aaed132f0,peninsula.ryukyu,available,72,18,9,,,
5b937f59-a105-45be-a1af-938a7c55b70c,penis.ryukyu,available,60,28,5,,,
857c3276-4492-4450-ab10-a5ff64bfaac3,penny.ryukyu,available,66,26,5,,,
6be55b23-b265-4e06-b7d9-7b65e47ce40b,pepsi.ryukyu,available,88,18,5,,,
b814b80a-7250-4c8d-8058-aacd2a5a115c,pepsicola.ryukyu,available,82,3,10,,,
fba1c120-4a8b-4d6e-946b-0a79bb973da9,perceived.ryukyu,available,69,3,9,,,
459d877b-72d4-4eb6-b685-832cd195e3ca,perhaps.ryukyu,available,84,7,7,,,
fd73fbc9-3eca-43d4-a85b-ba7ade9cfdf2,perpetual.ryukyu,available,82,25,9,,,
6cf7a5b4-797e-4c0f-87e2-45a54633b19a,pervert.ryukyu,available,80,5,7,,,
764e759a-8101-40aa-a366-0ffb177f9e4a,petty.ryukyu,available,60,11,5,,,
8e9da196-3462-45cf-bd6b-4aa98c595b50,Phil.ryukyu,available,78,40,4,,,
06fd7e1c-c321-4cdd-a8d5-df7d09b03aef,plane.ryukyu,available,108,20,5,,,
5c5da23c-d791-4506-92f7-7432c92ee16c,planetarium.ryukyu,available,,9,11,,,
a02a1a25-cc0c-46b7-8a70-5f6ae1073760,polonecksweater.ryukyu,available,73,1,17,,,
5480cb28-764f-4a08-a9a4-9fd636c5cdff,power.ryukyu,premium,98,28,5,,,
267b817d-aac0-4a09-83cb-64c643f2da2b,pregnant.ryukyu,available,88,8,8,,,
0637b9d2-5fee-420f-9aee-95cb059d38ad,prenatal.ryukyu,available,88,6,8,,,
4eb8e6d3-abdd-4712-8951-7ff901722254,pretence.ryukyu,available,64,2,8,,,
d841cf0e-fa9e-4358-be21-ab87fe4aa20d,pretense.ryukyu,available,64,2,8,,,
009d2235-33e9-4597-9962-dd32ca13e8c3,prick.ryukyu,available,70,6,5,,,
3ce45f47-95ab-44f3-a01b-ff08c387b669,prime.ryukyu,premium,76,75,5,,,
26608f9e-ed83-484e-9846-746c98d801fb,prior.ryukyu,available,68,12,5,,,
3deef16b-02b2-49a1-8b6c-ab2c1fd3cca4,progress.ryukyu,available,82,29,8,,,
9ad2764a-6b5a-4631-ae2d-9646f54c49d0,provoke.ryukyu,available,68,9,7,,,
d22f1f19-3b84-4745-be1b-ab99f39b5ecd,publicised.ryukyu,available,67,1,10,,,
8d9998ba-4422-47fc-9222-6a643dbd0f32,publicized.ryukyu,available,67,1,10,,,
0916b8a2-f12a-4f10-800b-43c122066ac5,pure.ryukyu,available,126,38,4,,,
9f4872b3-4141-40dc-b07a-ffb78344145c,pussy.ryukyu,available,50,25,5,,,
61fb6163-a876-4579-9cc8-cd55a934e538,puton.ryukyu,available,66,3,6,,,
2514cd4c-8046-4f9d-a220-abf79fce59c2,rearward.ryukyu,available,68,1,8,,,
a88c7bad-14d3-4198-abfd-2b64333364a0,recognised.ryukyu,available,78,2,10,,,
e4849918-591b-4d93-ab03-6f69c8661a25,recognized.ryukyu,available,78,3,10,,,
ad2b1845-a201-4625-b011-99d17a7207a4,reliable.ryukyu,available,94,18,8,,,
79fe9390-dc78-4065-a48d-24b0846aa6c3,relieved.ryukyu,available,66,3,8,,,
f5061e9e-a933-44d2-9ef8-f3a748adc4a8,remove.ryukyu,available,100,11,6,,,
254ec3cc-ccc8-487f-894e-8eb2049dab93,replace.ryukyu,available,78,8,7,,,
75ce66e1-cb12-44fd-89a9-1f3afd1b6db5,report.ryukyu,available,98,26,6,,,
09ec6151-9bdd-4bc0-bd56-310f426ddd24,reported.ryukyu,available,64,3,8,,,
a777b973-70b4-400b-b39d-0140216f078b,resonating.ryukyu,available,65,3,10,,,
81d0e94d-6053-42a3-83a1-09dc039bbec0,resounding.ryukyu,available,88,3,10,,,
2bc82e59-a08e-4d6e-9156-e0133d98a9aa,respondent.ryukyu,available,88,3,10,,,
f318823b-8ece-4c81-82b2-845f9c904898,resume.ryukyu,available,98,25,6,,,
9aeb0e4e-8c12-4ab2-913d-e0326aa51408,richmond.ryukyu,available,66,22,8,,,
bdc8f852-cc7e-49f1-938c-2bb0af707c4b,roar.ryukyu,available,93,22,4,,,
b98ac6da-543b-4c99-b895-d48e621102c0,root.ryukyu,available,64,41,4,,,
33276cbe-a723-41a9-bd1f-19f16edd7b9f,ruby.ryukyu,available,86,28,4,,,
29b34a0b-d1b4-47cf-8e88-09bd43a2d74a,sacrificial.ryukyu,available,,2,11,,,
50080419-2975-468e-ba4b-d58a7c4399e7,sapphire.ryukyu,available,92,11,8,,,
93f49148-75ab-4660-b95b-aa5bddc29c25,savage.ryukyu,available,50,36,6,,,
be6f75d4-365f-4577-b8e4-495ce3a33486,scorched.ryukyu,available,50,5,8,,,
297e03af-af54-4aee-8cdf-d06c93d15335,scratchy.ryukyu,available,54,3,8,,,
661645c5-f27a-45c1-b8ee-6f5aa9e159f3,searching.ryukyu,available,84,9,9,,,
f93a9b27-7a20-4119-9c8e-dd6db1344d29,seeyoulater.ryukyu,available,,3,13,,,
f4eb4c00-519a-4d95-b80b-0cc2d4a2fb5d,shame.ryukyu,available,110,10,5,,,
7c4f8566-5299-4fa6-ac89-86139aaabb6e,shit.ryukyu,available,64,34,4,,,
89d2ddea-57b3-40e6-8d61-f6a3fae2a8bd,shortly.ryukyu,available,67,8,7,,,
c6e0f44c-ba56-4fd0-b8d1-b3be0092b6af,shrewd.ryukyu,available,66,5,6,,,
0923ab71-46f3-4382-8c3e-b79590f7acd0,shrub.ryukyu,available,62,7,5,,,
17a359a8-fa9e-4c49-8779-d8758b8234c6,sign.ryukyu,available,106,31,4,,,
a3bce3a7-15a0-43b6-b01d-c8c513f9df83,silly.ryukyu,available,82,18,5,,,
f9091cb1-2465-4a9a-9a12-043cbfb3d961,single.ryukyu,available,74,17,6,,,
bb8c46db-b27e-43a4-a6a0-cbb2e1827eee,six.ryukyu,available,66,23,3,,,
28e67eaf-971b-4b3c-a876-6a3b2e8b7ca5,sixteen.ryukyu,available,88,9,7,,,
84c04fb5-b58e-4902-8b03-b0ac80c3d93f,skyblue.ryukyu,available,68,14,8,,,
550aca05-6df7-47ef-9db8-f9ce235c3d7a,slam.ryukyu,available,70,19,4,,,
cb75d5a9-dc1f-4827-afd6-ab9589a38721,slight.ryukyu,available,64,3,6,,,
6a498bca-1bfc-42bf-81ad-a76cb836ec46,smooth.ryukyu,available,122,21,6,,,
e0e3a069-b219-44a5-9e09-239c86cf6ee1,sneak.ryukyu,available,104,11,5,,,
0a4f3054-6201-48d3-8908-b0c125971bc4,soft.ryukyu,available,124,28,4,,,
dc1af005-0b56-4da3-9c11-e5af3091c80b,solely.ryukyu,available,62,3,6,,,
63d05bcb-a248-41d6-af5d-19594ed695ac,some.ryukyu,available,80,27,4,,,
4692bb83-8389-4294-a7ab-1ad2899eed56,speedlimiter.ryukyu,available,66,2,13,,,
3078d75f-4b3b-4abf-b42c-2a7a94156b61,spicy.ryukyu,available,81,22,5,,,
a57222fc-da98-4b4c-8b64-24ead5741c12,spirited.ryukyu,available,75,7,8,,,
ad5857ca-e8fb-41b2-8b4b-459f44c13691,spread.ryukyu,available,92,18,6,,,
d41e316b-b85d-4733-9df7-f2aa81c348ae,starter.ryukyu,available,72,17,7,,,
c5e50361-2684-4699-9f4a-846833c5f72a,stately.ryukyu,available,72,6,7,,,
02c7c1e1-c80e-4a9e-bdc0-29cfb3712aed,stay.ryukyu,available,62,26,4,,,
8b2f269a-b1ed-41d6-9468-ff7e30acbae0,stellar.ryukyu,available,78,37,7,,,
4a1054bc-c3ca-4698-866f-aa4f7d69f39a,stop.ryukyu,available,94,20,4,,,
661b6993-1da7-45a4-8a3b-6f9cd9df996e,strained.ryukyu,available,61,2,8,,,
c3fd46bc-08f2-4a1d-89df-95901e0d85a6,strategy.ryukyu,available,74,42,8,,,
77fda2e7-32e2-4f87-9e9e-9ce83e1713a8,stunned.ryukyu,available,66,2,7,,,
5481119e-6a6c-41a2-b454-0c310ab320b8,styptic.ryukyu,available,72,2,7,,,
803e2b30-c0a6-4d60-98d2-3bac8dee2e15,sub.ryukyu,available,96,26,3,,,
bbbe7e75-6742-4218-a481-7f1f96a93be9,subalpine.ryukyu,available,50,2,9,,,
2b68bc4d-b335-41ff-b011-d2c14fe9c549,subtle.ryukyu,available,70,14,6,,,
080de358-4fbc-4693-bb02-a8e617c86f14,successful.ryukyu,available,76,11,10,,,
a1fbe6d1-e166-4cfb-aeec-9a2dbc655266,sunbaked.ryukyu,available,50,5,8,,,
bb4aa28e-283f-43bb-bc2e-426df5554ad6,superb.ryukyu,available,78,15,6,,,
f6fb9275-94f5-47dd-9182-4569c2e7632d,tabby.ryukyu,available,56,15,5,,,
6016b91a-0dad-454f-87a9-bb95bca77a3d,tell.ryukyu,available,74,19,4,,,
890220bb-997d-473a-bfdb-8dec5caebd29,tempting.ryukyu,available,88,4,8,,,
5741839e-72e9-466f-bd9c-4ee2f608dbbe,therefore.ryukyu,available,58,11,9,,,
34a9e657-2f63-4b97-a556-6c0e51877e9c,thirtieth.ryukyu,available,68,1,9,,,
539741c7-d883-440b-abac-e855b39259f3,thirtyone.ryukyu,available,56,4,10,,,
86807141-23cc-4579-be20-05315e795d94,thisisit.ryukyu,available,,13,10,,,
786472f4-c870-453d-a5be-8a39a4debf12,threatening.ryukyu,available,70,2,11,,,
80acfa33-24d2-4a1c-8dbe-9558e076e693,thrift.ryukyu,available,54,16,6,,,
a1612b06-2d8f-4606-b5f3-aa45364afc8c,thug.ryukyu,available,78,9,4,,,
ffbc7c92-6610-4e2a-9909-493f20d910db,tomato.ryukyu,available,102,22,6,,,
4919b604-91ed-4d5c-bd37-a3c194bb24f0,torn.ryukyu,available,58,10,4,,,
00d7649d-0f27-4540-8826-476fca5b2b65,traction.ryukyu,available,90,17,8,,,
aad01498-2842-4a86-90c6-50f3e74524b1,tribute.ryukyu,available,88,18,7,,,
31865ea7-f5e3-41ac-b852-0fd9303d6689,trinity.ryukyu,available,72,17,7,,,
f198954c-f4ee-4ed4-96ea-d9de4d2d2d61,troll.ryukyu,available,58,24,5,,,
896d549c-9799-46bb-b5eb-2ab6d2cab73d,unending.ryukyu,available,60,5,8,,,
b3069070-c950-4bfc-b02f-dc1a7dcb0ff6,unkeyed.ryukyu,available,37,1,7,,,
ec5b7fd1-4056-4d3c-8ba5-fe5087f23523,unreal.ryukyu,available,64,23,6,,,
152fb143-158a-4233-996d-71d9968ffad3,upstage.ryukyu,available,98,7,7,,,
b6fa7903-2b47-4127-84b5-c33634bf8572,uptodate.ryukyu,available,70,7,10,,,
dea2b312-357a-4bf5-b15a-98930f93a648,uraemic.ryukyu,available,56,0,7,,,
0167045f-71da-4dda-996a-2bceb5df7e48,uremic.ryukyu,available,56,1,6,,,
4e5751b8-7e84-4d0d-be26-4dcf8462dd10,usage.ryukyu,available,70,5,5,,,
e54c3d22-a4f6-41f2-96f4-a50b8d41e4b5,van.ryukyu,available,90,25,3,,,
ac8af57a-0ac0-42f5-b1ea-66a6610ad1a6,vanity.ryukyu,available,50,16,6,,,
62fcaebf-9406-46b0-95cd-91a5acf0a647,vary.ryukyu,available,90,5,4,,,
f167b60e-b333-4f0e-af07-c67980538e92,volatile.ryukyu,available,76,8,8,,,
25cdfdf9-fc9a-497c-ac9a-c311c5d3e717,weed.ryukyu,available,58,34,4,,,
efb7d7e5-e23f-43cc-81d9-7adef444f9d5,wheezy.ryukyu,available,42,4,6,,,
7c448bd2-35c6-49a0-899d-acfd3e0741e1,whoever.ryukyu,available,,5,7,,,
b69ce5ad-6b70-41ef-b7dc-afb5a44c15dd,whoreson.ryukyu,available,52,1,8,,,
f3b10b30-15b1-4662-8a5a-71412ba74e1c,wild.ryukyu,available,66,32,4,,,
05286aa2-0a47-4af5-925d-3625c9d30e58,wired.ryukyu,available,72,20,5,,,
200fe17b-3fdd-463d-a668-34bddfb0a5e0,wondered.ryukyu,available,66,2,8,,,
77559ce8-a4e3-4142-a5d3-7400b3f92e5e,worth.ryukyu,available,76,18,5,,,
880ae8da-746b-4523-853f-3b5b630811a5,xvi.ryukyu,available,66,4,3,,,
676ba0a5-b8c9-4d3e-a085-1f4403417bbe,yeasty.ryukyu,available,46,2,6,,,
8b841d51-ed9f-46cb-bf06-04a23de7262f,zero.ryukyu,available,112,42,4,,,
f377843a-0edc-4c67-80f1-ddd15de0655e,zestful.ryukyu,available,64,5,7,,,
e2233c4d-cb4c-4c6f-90f8-01b853d3b3b6,zesty.ryukyu,available,64,20,5,,,